Asset1.DynamicState_time,Asset1.DynamicState_R_x,Asset1.DynamicState_R_y,Asset1.DynamicState_R_z,Asset1.DynamicState_V_x,Asset1.DynamicState_V_y,Asset1.DynamicState_V_z,
0,7378.137,0,0,0,6.02088,4.215866,
1000,4009.95517366267,5073.26637520228,3552.33972777377,-6.16981455023626,3.27229714738874,2.29128736755643,
